bandwidth,throughput,packet_loss,latency,jitter
0.94,1.02,0,17.06,906
1.13,1.02,0,13.12,651
1.31,1.02,0,0.49,621
1.53,1.02,0,0,493
1.76,1.03,0,6.32,539
2.05,1.03,0,28.26,493
2.35,1.01,0,0.18,194
2.82,1.04,0,12.42,171
3.3,1,0,27.45,122
3.7,1.02,0,27.86,100
4.49,1.03,0,40.79,98
5.02,0.99,0,5.55,47
4.95,1,0,0.41,22
4.92,1.01,0,1.22,229
5.04,1.01,0,25.31,6
4.91,1.01,0,4.96,19
4.91,1,0,9.55,12
5.02,1.01,0,2.76,3
5.06,0.99,0,0.61,12
4.43,0.98,0,4.91,12
3.91,0.94,0,1.42,14
4.47,0.98,0,39.95,31
3.56,0.99,0,31.36,62
4.4,1.07,0,0,5
4.99,1,0,14.1,5
5.03,1.01,0,31.48,5
3.96,0.91,0,1.56,88
3.68,1.2,0,1.19,10
5.14,1.02,0,3.07,6
5,0.98,0,0,13
5.06,0.98,0,0.85,23
5.09,1.01,0,0.2,30
5.05,0.98,0,0.76,5
4.91,1,0,0.46,14
4.9,1.01,0,23.03,2
5.03,1.01,0,23.88,4
5.02,0.98,0,0.9,3
4.9,1.01,0,11.9,6
5.04,1.01,0,23.21,10
3.87,0.9,0,0,7
5.13,0.98,0,0,3
4.93,1,0,0.4,9
4.91,1.01,0,1.11,5
5.07,1.01,0,1.22,7
4.98,0.98,0,0.66,7
4.92,1.01,0,15.4,4
4.37,0.97,0,1.51,22
5.09,1.01,0,25.7,17
5,0.98,0,0.24,5
5.01,0.98,0,6.23,6
5.03,1.01,0,1.1,14
5.04,0.98,0,27.62,5
4.91,1.01,0,2.27,7
4.91,1,0,33.29,14
5.03,1.01,0,5.07,18
5.06,0.98,0,24.14,13
4.91,1,0,4.68,5
5.01,1.01,0,0.06,15
5.02,0.98,0,1.6,6
3.9,0.94,0,5.6,134
4.54,1.07,0,12.89,13
4.96,1,0,0,10
4.94,1.04,0,0.27,19
4.89,1,0,1.27,12
5.04,1.01,0,0,8
5.01,0.98,0,37.48,24
4.91,1.01,0,24.11,4
4.87,1.01,0,3.66,12
4.94,1.01,0,2.98,14
4.36,0.97,0,44.43,6
4.39,1,0,3.23,11
4.4,0.97,0,3.56,43
4.4,0.97,0,5.23,12
4.25,1,0,13.09,13
3.57,0.91,0,31.1,37
5.19,0.99,0,5.78,2
5.08,0.97,0,0.41,6
4.87,1.01,0,16.17,7
5.08,1.01,0,28.76,4
5.02,0.98,0,6.85,21
4.93,1.01,0,2.78,4
4.91,1,0,1.24,18
5.04,1.01,0,5.92,5
5.05,0.98,0,0.38,12
4.91,1,0,0.27,4
4.99,1.01,0,12.48,6
3.88,0.91,0,26.98,38
4.27,1.17,0,20.03,6
5.15,0.97,0,16.49,15
4.65,0.99,0,10.47,32
4.76,1.03,0,1.66,6
5.07,1.01,0,3.95,12
4.49,0.99,0,22.74,36
4.72,1.03,0,34.79,8
5.13,1.01,0,31.43,7
4.98,0.98,0,21.91,2
4.92,1.01,0,16.65,18
5.01,1.01,0,0.32,16
5.04,0.98,0,22.84,19
4.82,1.01,0,1.3,7
4.59,0.95,0,3.78,8
4.39,1.01,0,1.53,21
4.53,1.01,0,5.63,10
4.51,1.01,0,13.76,10
3.37,0.93,0,0.38,2
5.14,0.99,0,41.15,12
5.13,0.98,0,40.42,16
4.87,1.01,0,0.34,5
4.91,1.01,0,24.63,7
5.04,1.01,0,0.7,8
4.89,1.01,0,20.08,20
4.96,1,0,0.72,7
5.02,1.01,0,19.03,25
4.89,1.01,0,6.1,5
4.91,1,0,31.49,4
5.05,1.01,0,0,9
5,0.98,0,34.21,2
4.91,1.01,0,5.66,2
5.03,1.01,0,30.76,2
4.9,1.01,0,10.28,4
4.92,1,0,33.25,4
4.86,1.01,0,37.77,5
4.93,1.01,0,10.76,25
5.03,1.01,0,18.77,2
4.9,1.01,0,33.65,8
5.02,1.02,0,23.94,17
5.03,0.98,0,31.02,8
4.92,1.01,0,28.4,1
4.93,1,0,0.32,8
4.93,1.03,0,19.33,1
5,0.98,0,20.32,41
5.05,0.98,0,14.27,32
4.98,1.02,0,20.08,5
4.92,0.98,0,0.87,10
5.07,1.01,0,0.81,9
4.88,1.01,0,0.69,14
5.06,1.01,0,1.05,15
4.99,0.98,0,6.48,4
4.93,1,0,19.38,4
4.89,1.01,0,6.85,15
5.04,1.01,0,29.89,0
5.04,0.98,0,32.39,4
4.91,1,0,30.38,1
4.93,1.01,0,20.61,170
5.01,1.01,0,14.11,43
5.04,0.99,0,0.52,7
4.89,1,0,21.24,5
5.04,1.01,0,41.18,2
4.91,0.98,0,12.37,21
5.04,1.01,0,1.39,14
4.92,1,0,0,1
5.02,1.01,0,40.94,28
5.04,0.98,0,3.94,12
4.93,1.01,0,3.45,22
4.93,1.01,0,39.63,17
5.03,1.01,0,27.08,6
5.05,0.98,0,3.57,12
4.92,1.01,0,10.5,17
4.92,1.01,0,0.31,7
5.01,1.01,0,27.6,7
5.02,0.99,0,13.35,11
5.03,0.98,0,16.88,7
5.09,1.01,0,0.12,16
5.68,1.01,0,1.05,78
6.75,0.92,0,8.94,36
4.78,0.98,0,16.19,34
4.78,1.02,0,1.88,23
5,0.99,0,11.83,25
4.93,0.99,0,0.37,7
4.78,1.01,0,6.59,19
4.88,1,0,22.11,13
4.95,1.02,0,40.6,28
4.93,1,0,4.15,30
4.9,1,0,24.02,26
4.87,1,0,17.94,6
4.91,1.02,0,0.47,5
4.91,0.98,0,24.25,29
4.91,1,0,26.4,3
4.91,1,0,39.96,5
4.93,1.01,0,0.52,21
4.96,0.99,0,20.45,11
4.94,0.99,0,40.77,23
4.94,1,0,24.14,7
4.9,1,0,13.9,3
4.86,1,0,26.4,14
4.91,1,0,8.06,3
4.87,1.01,0,14.25,4
4.93,1,0,3.62,26
4.69,0.99,0,0.52,6
4.77,1.04,0,1.39,22
3.88,0.93,0,0.6,65
2.1,0.95,0,33.43,12
5.24,1.13,0,1.19,37
6.41,0.95,0,4.24,1
4.47,0.98,0,1.17,6
4.83,1.01,0,0,4
5.08,0.98,0,31.05,4
4.91,1,0,0,12
4.93,1,0,0.92,10
5.07,1.01,0,14.39,15
4.9,1,0,15.09,5
4.93,1.01,0,1.33,12
5.09,1.01,0,30.87,5
4.91,1,0,31.89,6
4.93,1.01,0,32.14,8
4.96,1,0,30.56,26
5.03,1.01,0,13.96,2
4.92,1,0,43.55,16
4.95,1,0,8.65,12
4.89,1.01,0,0.99,20
5.05,1.01,0,11.22,6
5.05,0.98,0,20.83,8
4.91,1,0,33.23,10
5.01,1.01,0,18.72,9
4.91,1.01,0,19.32,20
5.02,0.98,0,30.15,16
4.91,1.01,0,9.37,21
5.06,1.01,0,7.49,22
5.01,0.98,0,21.39,6
4.89,1.01,0,10.65,10
5.07,1.01,0,2.53,30
5.01,0.98,0,4.36,11
4.92,1.01,0,16.25,20
4.96,1,0,0.67,20
5.01,1.01,0,34.59,6
5.03,0.98,0,5.46,14
4.92,1.01,0,12.13,3
4.92,1,0,40.16,16
5.05,1.01,0,10.35,4
5.05,0.98,0,39.52,14
5.15,0.99,0,8.39,32
5.02,0.98,0,0.82,17
5.06,0.98,0,3.56,6
5.04,0.98,0,1.39,32
4.94,1,0,43.88,15
4.92,1.01,0,0.41,3
5.04,1.01,0,27.39,13
4.93,1.01,0,27.76,13
4.92,1,0,3.02,2
5.04,1.01,0,0.78,12
5.02,0.98,0,46.02,13
4.95,1,0,15.11,23
4.91,1,0,1.04,25
5.02,1.02,0,28.59,7
4.89,1,0,3.02,21
5.03,1.01,0,1.07,25
5.04,0.99,0,25.18,7
5.05,0.98,0,1.04,26
4.9,1.01,0,3.4,18
4.88,1.02,0,9.95,14
5.07,1.01,0,9.32,3
5.04,0.98,0,0.92,4
4.91,1.01,0,0.58,21
5.05,1.01,0,0.24,21
5.08,0.98,0,25.96,18
5.01,0.98,0,16.51,10
4.9,1.01,0,18.94,15
5.07,1.02,0,1.31,4
4.93,1,0,0.78,28
4.91,1.01,0,28.32,9
4.96,1.01,0,0.23,3
5.04,1.01,0,36.33,18
4.93,1,0,34.79,8
4.96,1,0,39.78,9
5.01,1.01,0,12.08,4
5.02,0.98,0,9.52,14
5.02,0.99,0,19.38,17
4.92,1.01,0,0.21,14
5.06,1.01,0,30.56,38
4.89,1,0,12.44,4
4.92,1.01,0,0.89,31
4.91,1,0,0.99,24
5.05,1.01,0,38.54,2
4.9,1,0,0,8
4.92,1.01,0,2.7,19
0.91,1.03,0,42.65,312
1.13,1.03,0,0.41,602
1.38,1.01,0,3.07,588
1.53,1.02,0,6.5,381
1.83,1.01,0,19.12,392
2.12,1.02,0,39.58,483
2.55,1.03,0,35.98,201
2.9,1,0,7.58,171
3.34,1.02,0,0.84,168
3.94,1.02,0,0,261
4.61,1.02,0,0.47,243
4.96,1.03,0,1.19,67
4.58,0.98,0,11.47,10
4.87,1.03,0,41.05,5
5.08,1.01,0,3.3,9
4.9,0.97,0,2.23,2
5.09,0.99,0,5.28,13
4.91,1,0,12.19,14
4.99,1.01,0,0,0
5.09,0.98,0,0.23,2
4.88,1,0,41.26,2
5.05,1.01,0,0.41,8
5.02,0.98,0,5.63,5
5.02,0.98,0,8.42,17
5.05,1.01,0,16.68,27
5.01,0.98,0,0.24,25
4.92,1.01,0,10.1,14
4.94,1.01,0,13.78,22
5.02,1.01,0,27.94,13
5.06,0.98,0,0.29,12
5.03,0.98,0,0.37,12
4.92,1.01,0,9.6,0
4.92,1.01,0,6.03,16
4.86,1.04,0,6,5
4.91,1.01,0,11.76,10
5.05,1.01,0,28,19
5.06,0.98,0,0.41,5
4.93,1,0,30.78,14
5.03,1.01,0,6.52,24
5.03,0.98,0,0,8
4.94,1,0,35.02,15
4.95,1.01,0,28.78,8
4.92,1,0,1.5,26
5.02,1.01,0,0.03,13
5.04,0.98,0,0,14
4.93,1.01,0,9.96,9
4.94,1,0,4.5,14
5.02,1.01,0,0.17,9
5.02,0.98,0,0.99,23
4.91,1.01,0,33.39,18
5.06,1.01,0,34.77,1
4.91,1.01,0,6.97,9
4.93,1,0,36.39,10
5.01,1.01,0,0,18
5.05,0.99,0,13.61,14
4.91,1,0,0.27,5
4.92,1.01,0,0,5
4.9,1,0,0.02,16
5.03,1.01,0,18.55,10
4.93,1.01,0,13.05,16
4.91,1,0,32.82,21
4.96,1.01,0,39.78,3
5.09,0.98,0,22.75,9
4.93,1,0,2.24,8
5.02,1.01,0,0.55,2
5.04,0.98,0,0.2,14
5.06,0.98,0,0.44,19
4.9,1.01,0,6.33,17
5.04,1.01,0,0.38,3
5.02,0.98,0,11.58,26
4.91,1.01,0,20.69,10
5.07,1.01,0,0.47,9
5.04,0.98,0,29.94,6
5.01,0.98,0,42.79,2
4.92,1.01,0,45.49,18
4.93,1,0,1.07,33
4.92,1.03,0,36.38,15
4.81,1,0,2.4,8
5.09,1.01,0,45.41,8
5.04,0.98,0,0.03,8
5.03,0.98,0,20.74,4
4.89,1,0,14.94,7
5.03,1.01,0,1.77,6
5.06,0.98,0,3.83,11
5.02,0.98,0,2.44,7
4.92,1.01,0,9.72,9
5.06,1.01,0,0,16
5.03,0.98,0,9.86,17
5.02,0.98,0,26.66,7
4.97,1.01,0,21.5,18
5.01,0.99,0,0,10
5.08,0.98,0,15.95,8
4.9,1.01,0,9.99,9
5.04,1.01,0,43.46,4
5.04,0.98,0,13.34,4
4.89,1,0,13.46,13
4.9,1.01,0,15.26,30
4.96,1.01,0,26.09,45
5.04,1,0,0.43,9
4.91,1,0,20.19,11
5.03,1.01,0,33.57,18
4.93,0.98,0,9.32,15
4.91,1.04,0,42.16,16
4.92,1.01,0,0.37,9
4.92,1,0,0.26,19
4.89,1.01,0,1.13,6
5.09,1.01,0,0.61,20
4.92,1,0,8.96,10
4.9,1,0,18.26,18
5.03,1.01,0,0.37,21
4.93,1.01,0,0.53,5
4.92,1,0,26.03,25
5.03,1.01,0,8.19,5
5.06,0.98,0,14.5,7
4.88,1,0,19.18,5
4.91,1.01,0,22.86,8
5.06,1.01,0,8.79,13
5.05,0.98,0,1.05,6
4.88,1.01,0,27.86,3
5.03,1.01,0,0.2,3
5.05,0.98,0,37.17,13
5.02,0.98,0,27.94,6
5.06,1.01,0,10.47,14
4.9,0.97,0,28.26,12
4.95,1.01,0,0.82,89
4.96,1,0,0.63,5
4.95,1,0,37.93,12
5.01,1.01,0,0.26,26
5.04,0.98,0,0,7
4.91,1.01,0,0.67,4
4.92,1.01,0,36.07,7
4.91,1.01,0,1.72,14
5.03,1.01,0,1.59,14
4.91,1.01,0,1.25,3
4.91,1.01,0,2.43,11
5.04,1.01,0,0.34,10
4.91,1,0,0.85,16
4.92,1.01,0,21.35,3
4.88,1.01,0,3.08,8
5.07,1.01,0,0.44,15
5.05,0.98,0,30.72,3
4.9,1,0,17.52,7
5.02,1.01,0,0.56,7
5.04,0.98,0,0.26,5
4.92,1,0,0,14
4.92,1,0,0.98,28
5.04,1.01,0,23.68,10
4.92,1,0,30.84,18
5.04,1.01,0,20.34,9
5.02,0.98,0,7.61,2
5.07,0.98,0,0.78,5
4.95,1,0,11.37,13
4.88,1,0,42.92,9
5.04,1.01,0,12.15,12
4.93,1,0,28.08,16
4.9,1.01,0,38.74,7
5.05,1.01,0,22.95,15
5.01,0.98,0,23.94,13
5.05,0.98,0,23.82,16
5.04,1.01,0,1.68,7
4.9,0.98,0,1.1,2
4.91,1.04,0,13.61,24
4.89,1,0,0,7
5.03,1.01,0,1.22,11
5.04,0.98,0,3.13,18
5.04,0.98,0,37.9,11
4.94,1.01,0,24.61,10
5.02,1.01,0,0.32,21
5.02,0.98,0,0.34,15
4.9,1,0,27.1,3
4.91,1.01,0,42.16,21
5.03,0.98,0,0.08,4
5.04,1.01,0,37.43,8
5.04,0.98,0,1.3,4
4.91,1,0,10.79,9
5.03,1.01,0,0.72,2
5.04,0.98,0,0.81,6
5.04,0.98,0,34.12,4
4.95,1,0,37.7,2
4.89,1,0,0.5,57
4.87,1.01,0,11.44,16
4.89,1.01,0,8.04,7
5.25,0.98,0,14.56,3
4.9,0.97,0,0.76,14
4.93,1.04,0,0.73,18
4.67,0.99,0,0.75,16
5.1,1.01,0,0.4,4
4.99,1,0,21.07,2
5.02,0.99,0,0.29,16
4.91,1,0,0.4,5
4.92,1.01,0,34.77,6
5.04,1.01,0,0.46,18
5.05,0.98,0,40.95,6
5.03,0.98,0,30.65,27
5.01,1.01,0,7.22,19
4.92,1.01,0,0.02,12
4.93,1,0,29.5,5
4.91,1.01,0,16.77,16
5.03,1.01,0,39.38,7
4.91,1.01,0,39.61,16
4.94,1,0,38.3,4
4.97,1.01,0,36.18,9
5.05,0.99,0,1.98,3
4.96,1,0,0.79,2
4.88,1.01,0,0.21,7
4.91,1.01,0,22.38,32
4.83,1.03,0,1.24,19
4.97,1.01,0,23.47,3
5.04,1.01,0,36.71,3
5.02,0.98,0,18.88,4
4.93,1.01,0,32.35,21
4.89,1,0,36.53,4
5.06,1.01,0,0.38,10
4.94,1.01,0,36.64,17
4.91,1.01,0,34.07,12
4.91,1.01,0,27.69,8
5.06,1.01,0,36.39,2
4.87,1,0,29.54,23
4.92,1.01,0,21.06,1
5.01,1.01,0,4.58,4
5.05,0.98,0,2.9,14
4.95,1,0,2.14,11
4.9,1,0,7.14,5
5.03,1.01,0,6.87,14
4.9,1,0,1.08,8
4.9,1.01,0,0.78,7
4.92,1,0,0,1
4.94,1.01,0,3.33,4
5.06,1.01,0,26.86,6
4.89,1,0,7.66,4
4.89,1.01,0,2.09,3
5.05,1.01,0,1.37,6
4.93,1,0,0.81,4
4.93,1,0,20.61,15
4.91,1.01,0,5.94,3
4.9,1.04,0,27.65,7
4.92,1.01,0,23.07,25
4.91,1,0,2.14,2
5.06,1.01,0,0,13
5.03,0.97,0,1.94,5
4.91,1.01,0,0.69,7
4.93,1,0,9.99,10
5.06,1.01,0,0.44,2
5.02,0.98,0,40.37,9
4.89,1.01,0,24.58,18
5.05,1.01,0,35.1,24
5.03,0.99,0,1.02,8
4.91,1,0,0.72,24
5.02,1.01,0,11.98,7
5.03,0.98,0,30.38,11
4.9,1.01,0,0.35,7
4.92,1,0,32.38,3
5.04,1.01,0,0.67,14
5.04,0.98,0,0,3
5.03,0.98,0,11.58,13
5.05,1.01,0,32.03,2
5.06,0.98,0,32.61,4
5.02,0.98,0,15.47,18
4.94,1.01,0,3.07,11
5.05,1.01,0,16.36,3
5.01,0.98,0,0.14,27
5.02,0.98,0,23.47,18
4.92,1.01,0,41.89,12
5.05,1.01,0,28.17,3
5.01,0.98,0,33.43,2
4.91,1.01,0,0,18
4.94,1.01,0,13.12,10
5.04,1.01,0,20.05,0
4.91,0.97,0,29.48,8
4.92,1.04,0,0.82,2
4.89,1,0,1.43,14
4.98,1.01,0,40.05,6
5.11,0.98,0,16.22,16
5.05,0.98,0,16.62,13
5.04,1.01,0,20.8,15
4.91,0.98,0,14.5,12
4.92,1.04,0,26.49,3
4.92,1.01,0,0.75,7
4.92,1,0,0.96,18
5.02,1.01,0,0.11,9
5.04,0.98,0,0.87,2
4.91,1.01,0,16.24,5
5.18,0.99,0,32.49,6
5.05,0.98,0,3.95,27
5.04,0.98,0,40.53,20
4.93,1,0,0.43,14
5.02,1.01,0,18.78,14
5.05,0.99,0,0.55,13
4.89,1,0,0.89,5
4.92,1.01,0,0.75,4
5.06,1.01,0,18.75,11
5.04,0.98,0,0,23
5,0.98,0,17.23,22
5.04,1.01,0,8.38,14
5.04,0.98,0,1.02,3
4.91,0.98,0,1.95,9
5.04,1.01,0,14.89,22
5.03,1.01,0,0,11
5.02,0.98,0,0.72,2
4.92,1,0,10.1,9
4.9,1.01,0,0.14,6
4.88,1.01,0,0.05,21
5.09,0.98,0,4,7
4.92,1,0,0.2,6
4.9,1.01,0,23.88,1
4.91,1.01,0,31.27,5
5.02,1.01,0,33.71,6
4.92,1,0,0.38,9
4.9,1.01,0,37.08,9
5.04,1.01,0,0.23,19
4.99,0.99,0,3.74,2
4.91,1.01,0,10.86,15
5.03,1.01,0,16.63,3
5.04,0.98,0,13.64,10
4.91,1.01,0,0.96,19
4.93,1,0,0,11
5.02,1.01,0,0.79,11
5.04,0.98,0,8.27,9
4.9,1,0,7.31,8
5.04,1.01,0,19.38,13
5.04,0.99,0,1.08,10
4.89,1.01,0,0.55,23
4.93,1.01,0,42.18,4
4.89,1.01,0,20.25,2
5.03,1.01,0,3.23,7
4.89,1.01,0,13.81,7
5.05,1.01,0,24.83,11
5.04,0.98,0,9.75,2
4.45,0.94,0,1.16,14
3.25,1.02,0,1.34,5
4.62,0.99,0,4,71
3.67,1,0,0,22
4.53,1.05,0,42.05,3
4.44,0.94,0,21.29,204
3.47,1.15,0,23.39,4
5.13,1.01,0,36.27,17
4.89,1,0,39.95,10
5,1.01,0,13.7,5
5.05,0.99,0,0,7
4.91,1.01,0,27.18,2
5.01,1.01,0,0,4
5.06,0.99,0,35.39,22
5.06,0.98,0,0.17,6
4.89,1,0,0.18,8
5.04,1.01,0,7.32,11
5.03,0.98,0,3.27,2
5.05,0.98,0,0.81,5
4.91,1.01,0,0.23,3
5.04,1.01,0,0.79,4
5.05,0.98,0,40.3,6
5.02,0.98,0,3.36,2
5.04,1.01,0,17.24,4
5.03,0.98,0,17.55,12
4.89,1,0,0.58,9
4.93,1.01,0,1.24,0
4.92,1,0,31.05,9
5.01,1.01,0,32.09,10
5.04,0.98,0,1.14,9
5.04,1.01,0,26.95,4
5.02,0.98,0,1.3,9
5.05,0.98,0,0.43,6
5.01,0.98,0,9.34,5
4.93,1.01,0,19.21,3
5.06,1.01,0,13.14,8
4.92,1,0,2.4,3
5.04,0.98,0,10.97,8
5.05,1.01,0,0.18,17
5.02,0.98,0,19.32,11
5.06,0.98,0,1.01,7
4.9,1,0,15.55,8
4.9,1.01,0,0.85,13
4.94,1.01,0,8.24,5
5.04,1.01,0,4.59,9
4.89,1.01,0,1.07,0
4.92,1.01,0,0.17,9
5.06,1.01,0,1.72,10
4.88,1.01,0,32.14,2
4.92,1.01,0,0.34,1
5.02,1.01,0,28.23,2
5.04,0.98,0,0.11,4
5.06,0.98,0,40.3,4
4.9,1,0,27.27,13
5.02,1.01,0,10.04,16
4.92,1.01,0,12.71,3
4.89,1.01,0,18.91,12
4.92,1.01,0,9.32,9
5.03,1.01,0,15.7,7
5.05,0.98,0,19.79,5
4.91,1,0,38.09,8
5.06,1.01,0,8.42,9
5.05,0.98,0,8,1
4.91,1.01,0,0.14,14
4.93,1,0,17.43,13
5,1.01,0,21.38,13
5.05,0.98,0,1.16,15
5.03,0.98,0,18.74,7
4.94,1,0,7.52,9
5.02,1.01,0,2.79,36
5.06,0.98,0,0.92,17
4.89,1.01,0,1.14,4
4.9,1.01,0,0.7,12
5.06,1.01,0,1.02,20
4.9,1.01,0,25.18,2
4.94,1,0,29.6,3
4.94,1.01,0,34.67,9
5.03,1.01,0,1.94,26
4.92,1,0,1.62,8
5.02,1.02,0,20.25,6
5.05,0.98,0,3.56,10
5.03,0.98,0,3.91,10
4.91,1.01,0,42.63,9
4.92,1.01,0,37.7,9
5.06,1.01,0,4.67,13
5.04,0.98,0,5.07,6
5.02,1.01,0,34.21,31
5.03,0.98,0,2.73,9
5.05,0.98,0,35.23,16
4.93,1.01,0,1.1,4
5.04,1.01,0,42.82,8
5.06,0.98,0,0,35
5.01,0.98,0,27.88,2
4.93,1.01,0,9.22,3
5.03,1.01,0,12.62,16
4.95,0.98,0,26.28,10
4.96,1,0,0.32,21
5.16,1.01,0,0.17,4
5.01,0.98,0,0.52,5
5.04,0.98,0,7.06,6
4.93,1,0,22.09,1
5,1.01,0,32.67,8
5.05,0.98,0,5.97,14
5.06,0.98,0,19.35,3
4.9,1,0,16.36,13
4.89,1.01,0,15.05,10
4.95,1.01,0,10.1,4
5.06,0.98,0,1.24,4
5.08,1.01,0,0.37,3
5.02,0.98,0,10.04,6
4.68,0.96,0,9.34,82
0.72,1.24,0,31.74,918
0.89,0.97,0,31.74,480
0.94,1.1,0,40.79,571
1.03,1.06,0,13.92,796
1.15,1.09,0,17.9,756
1.24,1.07,0,18.36,755
1.4,1.11,0,0.18,520
1.46,1.02,0,0.95,561
1.6,1.06,0,0,505
1.68,1.04,0,4.96,681
1.81,1.08,0,4.67,374
1.99,1.06,0,0.37,329
2.1,1.05,0,17.65,469
2.32,1.06,0,0.2,290
2.47,1.05,0,0.87,426
2.68,1.09,0,4.49,169
2.91,1.06,0,7.48,289
3.17,1.07,0,7.48,207
3.34,1.04,0,39.75,269
3.58,1.08,0,0.82,100
3.94,1.02,0,1.05,209
4.17,1.08,0,26.2,104
4.62,1.08,0,0.37,89
4.83,1.01,0,0.37,220
4.95,1.03,0,36.09,88
5.09,1.01,0,9.66,3
5.06,0.95,0,24.31,17
5.01,1.01,0,24.31,4
5.03,1.01,0,26.47,24
5.04,0.95,0,0.14,9
5.05,1.01,0,39.09,3
4.95,0.98,0,39.09,14
4.95,1.03,0,4,10
4.94,0.98,0,38.82,0
4.92,0.96,0,30.06,18
4.85,1.03,0,0.64,4
4.76,1.01,0,26.25,11
5.19,1.01,0,26.25,18
5.09,1,0,15.67,8
5.01,1,0,32.52,12
4.85,0.98,0,20.55,4
5.02,1.02,0,5.26,2
4.94,0.98,0,4.5,4
4.94,1.03,0,1.3,13
5.02,1,0,1.3,8
4.87,0.98,0,18.02,9
5,1.02,0,0.41,16
5.04,1.02,0,0.47,5
4.94,0.98,0,0.47,5
5.05,1.01,0,0.27,6
5.03,1.01,0,33.8,6
4.9,0.98,0,34.48,7
5.01,1.01,0,34.48,2
5.03,1.02,0,8.22,6
5.04,0.95,0,8.22,20
5.06,1.01,0,0.53,2
4.96,0.98,0,1.04,5
5.07,1,0,29.88,14
4.91,0.97,0,29.88,1
5.01,1.07,0,0.58,1
5.01,0.95,0,0.6,7
5.05,1.01,0,21.62,8
4.93,0.97,0,0.2,7
4.91,1.03,0,17.04,19
4.91,0.98,0,19.85,23
4.89,1.03,0,19.5,15
5,1.02,0,19.5,10
4.91,0.98,0,0.09,3
5.06,1.01,0,0.69,12
5.03,1,0,0.79,1
4.89,0.98,0,0.79,7
5.02,1.02,0,0.14,18
5.19,0.99,0,0.29,1
4.94,0.97,0,42.79,9
5.05,1,0,42.79,15
5,1.01,0,0.24,7
4.88,0.98,0,25.28,16
5.03,1.02,0,5.6,2
5.03,1.01,0,5.39,10
4.92,0.97,0,42.25,16
5.03,1.01,0,24.51,11
4.92,0.98,0,24.51,2
5.04,1.01,0,0.89,2
5.06,1.02,0,5.25,10
5.02,1,0,0,3
4.9,0.98,0,0.6,3
5.01,1.02,0,0.6,14
4.9,0.98,0,0.29,10
5.05,1.02,0,38.85,3
5.05,1.01,0,0,8
4.9,0.97,0,0.95,2
5.01,1.02,0,13.14,4
5.03,1.01,0,0.46,6
5.05,0.95,0,0.46,14
5.05,1.01,0,15.85,25
5.05,1.01,0,9.41,2
4.93,0.97,0,31.17,22
5.05,1.01,0,0.31,11
4.93,0.97,0,0.5,2
5.02,1,0,0.5,12
5.03,1.02,0,12.95,0
5.03,0.95,0,12.95,7
5.03,1.01,0,23.76,14
5.02,1.01,0,23.76,6
4.91,0.98,0,21.04,23
4.93,1.04,0,21.04,4
4.95,0.97,0,1.27,17
4.89,1.03,0,30.93,26
5.01,1.02,0,0.05,11
4.92,0.98,0,40.3,2
5.06,1.01,0,1.94,6
5.03,1.01,0,0.7,6
4.92,0.98,0,1.62,5
4.9,1.03,0,0.66,9
5.02,1.02,0,9.57,4
4.93,0.98,0,22.22,15
5.06,1.01,0,22.93,14
4.92,0.97,0,38.16,18
4.89,1.03,0,21,9
5.01,1.02,0,21.55,6
4.91,0.98,0,17.65,14
5.05,1.01,0,16.71,5
4.93,0.97,0,0.4,10
4.9,1.03,0,2.3,8
5.04,1.01,0,0.29,16
5.03,1.01,0,0.29,12
4.93,0.98,0,7.74,2
5.06,1.02,0,1.1,3
5.07,1.01,0,0.63,27
4.92,0.97,0,5.04,5
5.03,1.01,0,7.97,19
5.02,1.01,0,5.14,4
4.89,0.97,0,2.37,5
5.02,1.02,0,2.62,25
4.93,0.98,0,2.76,15
5.07,1.01,0,2.81,9
5.06,1.01,0,0.76,0
4.92,0.97,0,33.28,16
4.88,0.97,0,1.89,15
5.02,1.08,0,0.4,6
4.91,0.98,0,0.38,15
4.92,1.04,0,15.11,5
4.92,0.97,0,14.95,25
4.9,1.03,0,5.51,7
5.03,1.01,0,31.54,21
4.91,0.98,0,31.54,4
4.94,1.04,0,8.91,7
5.06,1.01,0,8.91,5
4.9,0.96,0,0.43,14
4.87,1.04,0,18.26,11
5.03,1.02,0,18.6,11
4.92,0.97,0,37.08,2
4.93,1.03,0,14.59,2
5.03,1.01,0,14.89,18
4.92,0.98,0,32.36,11
5.03,1.01,0,22,13
5.05,1.02,0,19.35,15
4.92,0.97,0,21.82,13
5.05,1.01,0,26.63,5
4.93,0.98,0,32.58,14
5.05,1.01,0,14.91,3
4.92,0.97,0,14.08,5
4.93,1.04,0,14.08,13
4.91,1.03,0,1.04,6
5.01,1.01,0,1.04,9
4.91,0.98,0,17.99,14
5.04,1.01,0,0,16
5.04,1.01,0,0,12
4.94,0.98,0,2.49,20
5.05,1.01,0,2.38,18
5.03,1.01,0,5.71,7
4.92,0.98,0,15.47,12
5.03,1.01,0,15.56,1
4.91,0.97,0,1.08,44
4.79,1.01,0,2.72,3
4.94,1.04,0,2.72,8
5.11,1.01,0,0.89,16
5.09,0.95,0,27.07,19
5.04,1,0,8.8,2
4.88,0.97,0,15.67,12
4.94,1,0,1.56,5
4.89,0.99,0,1.56,27
4.97,1.03,0,31.63,6
5.11,1.01,0,39.28,5
5.07,1,0,0.96,23
4.91,0.97,0,1.4,15
5.01,0.94,0,27.28,3
4.88,1.04,0,27.07,5
5.05,1.02,0,25.41,20
5.07,1.01,0,31.69,4
4.92,0.97,0,0.75,13
4.91,1.03,0,0.72,10
5.02,1.01,0,0.72,11
4.91,0.98,0,0.34,13
5.04,1.01,0,4.04,2
5.03,1.01,0,4.04,4
4.88,0.97,0,3.71,1
5.02,1.02,0,1.77,7
5.04,1.01,0,16.14,20
5.04,0.95,0,16.14,7
4.92,0.98,0,1.74,8
4.9,1.03,0,2.15,32
4.91,1.04,0,0.85,11
5.01,1,0,0,26
4.89,0.99,0,0,14
5,1.01,0,0.11,18
5.04,1.02,0,0.11,5
4.93,0.98,0,0.27,7
5.05,1.01,0,0,26
4.92,0.97,0,0.95,1
4.91,1.04,0,2.33,10
5.06,1.01,0,2.33,17
4.9,0.96,0,2.79,26
4.88,1.04,0,18.3,6
4.98,1.02,0,18.3,14
4.91,0.98,0,18.68,5
4.94,1.04,0,0.26,27
4.93,0.97,0,4.96,9
4.92,1.04,0,4.99,10
4.87,0.96,0,4.99,67
5.04,1.09,0,0,5
4.9,0.97,0,0.34,9
5.03,1.02,0,0.64,7
4.9,0.97,0,0.99,17
4.91,1.04,0,32.03,14
5.03,1.01,0,31.69,24
4.94,0.98,0,14.95,13
5.04,1.01,0,4.43,19
5.02,1.01,0,0,3
4.88,0.97,0,0.84,9
5.02,1.01,0,17,9
5.04,1.01,0,17,9
4.93,0.98,0,0.03,6
5.03,1,0,0.03,4
4.91,0.98,0,40.68,2
5.04,1.02,0,3.81,4
5.05,1.01,0,26.92,10
4.94,0.98,0,26.63,19
4.93,1.04,0,12.47,8
4.91,0.97,0,12.47,16
4.87,1.03,0,0.96,18
5.01,1.02,0,16.74,13
5.05,1.01,0,16.74,4
4.94,0.97,0,27.77,34
5.05,1.01,0,25.45,10
4.9,0.97,0,12.6,13
4.9,1.04,0,1.16,8
5.03,1.02,0,16.22,2
4.93,0.97,0,16.22,3
4.93,1.03,0,34.42,18
5.03,1.01,0,0.6,10
5.03,1.01,0,3.1,18
5.04,0.96,0,0.27,6
4.92,0.98,0,0.27,5
4.91,1.03,0,3.63,11
5.03,1.01,0,0.84,9
4.93,0.98,0,32.87,10
4.94,1.03,0,13.31,12
5.05,1.01,0,10.12,5
5.03,1.01,0,11.69,26
4.9,0.98,0,11.31,12
5.03,1.02,0,11.31,15
4.92,0.98,0,0,4
4.94,1.04,0,38.5,16
5.07,1.01,0,38.94,5
5.07,0.95,0,38.27,8
5.03,1,0,0.44,14
5,1.01,0,0.44,11
4.88,0.98,0,8.44,14
5.04,1.02,0,0,8
5.05,1.01,0,0,14
5.06,0.95,0,18.19,20
5.04,1,0,0,2
4.93,0.98,0,7.25,8
5.02,1.01,0,1.13,16
5.06,1.02,0,1.08,15
4.92,0.97,0,24.84,10
5.05,1.01,0,7.35,7
5.03,1.01,0,1.28,7
4.89,0.97,0,0.4,24
5.01,1.01,0,0.4,22
5.03,1.02,0,4.52,6
5.05,0.96,0,4.52,17
5.05,1.01,0,0.4,8
4.93,0.98,0,0.4,2
4.9,1.03,0,14.54,5
5.03,1.01,0,0.6,19
5.01,1.01,0,16.77,5
5.03,0.95,0,10.59,17
5.04,1.01,0,3.37,21
4.92,0.97,0,4.33,2
4.92,1.03,0,0.29,16
5.04,1.01,0,0.29,7
4.92,0.97,0,39.2,11
5.02,1.01,0,37.09,8
5.04,1.02,0,37.57,10
4.94,0.97,0,1.48,11
5.03,1,0,1.48,5
4.88,0.97,0,7.83,10
4.89,1.04,0,23.35,14
5.04,1.02,0,24.72,14
5.04,1.01,0,0.53,8
4.92,0.98,0,35.37,15
5.03,1.01,0,32.67,8
4.92,0.98,0,32.32,15
5.02,1,0,1.63,21
5.02,1.02,0,1.57,6
4.88,0.97,0,19.61,23
5.02,1.02,0,35.83,11
5.03,1.01,0,2.96,16
4.93,0.98,0,2.96,30
5.05,1.01,0,14.13,11
5.04,1.01,0,0.23,9
5.04,0.95,0,23.54,7
4.91,0.97,0,23.54,17
4.91,1.04,0,0.46,4
5.03,1.01,0,4.75,3
5.04,1,0,4.88,6
4.92,0.98,0,17.81,12
5.05,1.01,0,11.18,20
5.03,1.01,0,0.06,2
5.02,0.95,0,0,7
5.01,1.01,0,0.55,16
5.03,1.02,0,0.75,7
5.04,0.96,0,0,8
5.08,1.01,0,0,6
4.95,0.97,0,30.08,3
4.92,1.03,0,0.98,7
5.01,1.01,0,17.24,2
4.89,0.97,0,17.24,9
4.9,1.04,0,29.97,9
5.02,1.01,0,1.21,3
5.04,0.96,0,29.94,17
5.04,1.01,0,30.5,3
5.03,1.01,0,21.58,4
4.92,0.97,0,7.81,2
5.05,1.02,0,0,12
5.07,1.01,0,0.49,16
4.92,0.97,0,12.86,8
5.01,1.01,0,12.22,22
4.88,0.97,0,0.47,20
5.01,1.02,0,0.47,10
5.05,1.02,0,31.66,12
4.94,0.97,0,31.66,5
5.04,1,0,0.41,26
5.03,1.01,0,1.16,14
5.04,0.95,0,0.35,17
4.94,0.98,0,0.35,7
4.93,1.04,0,40.51,10
4.93,1.03,0,3.72,11
5.03,1.01,0,2.66,6
4.92,0.97,0,2.01,10
5.03,1.02,0,29.75,4
5.02,0.94,0,29.74,2
4.89,1.05,0,33.28,12
4.9,1.03,0,33.52,19
5.05,1.02,0,0.31,9
4.92,0.97,0,39.03,7
5.06,1.02,0,39.03,11
4.93,0.97,0,0.03,13
4.85,1.01,0,41.55,10
4.95,1.03,0,25.25,16
4.9,0.98,0,25.91,23
5.11,1.02,0,0.24,7
5.15,1.01,0,26.96,8
4.98,0.96,0,1.34,18
5.02,1,0,1.34,7
4.86,0.97,0,1.33,15
4.89,1.05,0,9.93,11
5.02,1.01,0,0.52,17
4.93,0.99,0,0.9,8
4.95,1.04,0,10.01,11
5.07,1.01,0,1.08,6
4.93,0.97,0,0.41,3
4.92,1.04,0,27.74,9
5.04,1.01,0,31.13,7
4.9,0.97,0,17.23,17
5.02,1.01,0,17.23,22
5.02,1.01,0,35.32,14
4.91,0.97,0,10.48,19
4.95,1.04,0,9.77,10
5.08,1,0,1.8,14
4.94,0.97,0,41.09,11
5.03,1.01,0,41.09,11
5.02,1.01,0,37.8,12
5.02,0.95,0,0.89,11
5.04,1.01,0,0.61,22
5.02,1.01,0,14.54,14
4.92,0.98,0,14.79,3
5.04,1.01,0,1.05,14
4.9,0.97,0,0.66,20
5.04,1.01,0,0,6
4.92,0.98,0,9.32,15
4.92,1.03,0,9.32,12
5.03,1.01,0,24.4,17
5.03,1.01,0,0.38,16
5.02,0.95,0,23.35,15
5.03,1.01,0,23.54,11
4.92,0.97,0,12.18,7
4.91,1.04,0,12.18,22
5.06,1.01,0,0.09,1
5,0.99,0,32.07,6
5.03,0.98,0,32.07,22
5.03,1.01,0,24.81,12
4.9,0.98,0,0.43,15
5.04,1.01,0,0.46,6
4.91,0.97,0,0.58,11
4.9,1.03,0,1.31,25
4.92,0.98,0,3.86,16
4.93,1.03,0,3.86,9
5.05,1.01,0,0.95,4
5.04,1.01,0,31.11,10
4.91,0.98,0,11.93,7
5.04,1.01,0,11.67,6
5.03,1.01,0,18.37,15
4.93,0.98,0,17.7,14
5.04,1.02,0,2.01,16
5.05,1.01,0,2.01,9
4.89,0.97,0,0.12,26
4.9,1.05,0,41.7,20
5.03,1.01,0,0.41,7
4.93,0.98,0,2.5,18
5.07,1.01,0,1.01,10
5.07,1.01,0,0.85,16
4.92,0.97,0,38.94,4
5.02,1.01,0,38.94,15
4.88,0.97,0,9.43,4
5.02,1.02,0,12.05,6
4.93,0.97,0,0.27,103
4.92,1.03,0,9.78,5
5.04,1.01,0,29.77,17
5.04,1.01,0,1.16,19
5.02,0.95,0,0.64,8
5.01,1.01,0,0.87,11
4.9,0.98,0,0.87,9
5.04,1.02,0,0.64,19
5.07,1.01,0,28.56,6
4.95,0.98,0,28.47,20
4.93,1.03,0,0.56,13
5.01,1.01,0,0.56,14
4.9,0.99,0,0,10
4.91,0.97,0,0.43,9
5.07,1.08,0,22.6,14
4.96,0.98,0,22.96,22
5.06,0.99,0,22.96,20
4.88,0.97,0,8.47,14
4.9,1.04,0,38.68,3
5.02,1.01,0,43.61,12
4.91,0.97,0,42.66,11
5.01,1.01,0,6.41,5
5.02,1.02,0,21.32,9
4.91,0.98,0,22.02,8
5.05,1.01,0,25.1,24
4.93,0.98,0,0,15
5.05,1.01,0,21.26,11
5.05,1.01,0,0.12,1
4.91,0.96,0,0.6,23
5.04,1.02,0,1.02,12
5.04,1.01,0,9.19,32
4.93,0.98,0,9.19,6
5.04,1,0,8.58,2
4.9,0.97,0,29.53,17
4.9,1.04,0,29.53,1
5.02,1.01,0,2.84,6
5.03,1.01,0,30.29,9
4.93,0.97,0,9.34,19
5.03,1.01,0,8.29,14
4.91,0.98,0,8.29,3
4.92,1.03,0,1.19,32
5.03,1.01,0,8.36,5
5.03,1.01,0,8.15,12
5.04,0.95,0,0.55,11
4.93,0.98,0,1.16,4
4.93,1.04,0,38.38,3
5.05,1.01,0,25.18,10
4.91,0.97,0,0.81,11
4.92,1.05,0,0.81,26
5.06,1.01,0,14.11,1
4.92,0.97,0,1.91,14
5.03,1.01,0,28.38,11
5.03,1.01,0,18.25,1
4.92,0.98,0,18.25,19
4.94,1.04,0,2.66,20
5.03,1.01,0,14.6,14
4.92,0.97,0,13.84,23
5.04,1.01,0,13.84,10
4.96,0.99,0,4.36,40
4.93,1.02,0,35.1,3
5.06,1.01,0,0.56,22
5.05,1.01,0,13.99,9
5.02,0.95,0,24.19,14
5.04,1.01,0,43.18,8
5.04,1.01,0,0.61,11
5.02,0.95,0,0.92,22
5.04,1.02,0,0.9,16
4.92,0.97,0,34.33,13
4.91,1.03,0,4.61,2
5.03,1.01,0,0.81,9
4.89,0.97,0,0.81,8
5.02,1.01,0,4.52,12
5.07,1.02,0,36.62,9
4.94,0.96,0,36.33,17
5.01,1,0,30.33,17
4.9,0.99,0,0.02,6
5.03,1.01,0,3.77,18
5.05,1.01,0,0.26,14
5.04,1.01,0,13.11,11
4.92,0.98,0,0.08,2
4.89,0.97,0,23.45,14
4.91,1.04,0,23.47,2
4.92,1.03,0,18.43,4
5.05,1.02,0,22.26,9
4.9,0.97,0,22.52,16
5.03,1.01,0,0.56,16
5.04,1.01,0,35.78,26
5.06,0.95,0,19.01,6
5.02,1.01,0,28.69,15
5.03,1.02,0,29.39,12
4.92,0.97,0,29.39,12
4.69,0.9,0,12.12,17
4.7,1.09,0,25.91,11
4.76,1.09,0,0.81,4
5.11,1,0,0.81,4
4.95,0.97,0,0.38,5
4.87,1.03,0,0.38,4
5,1.02,0,0.73,7
4.91,0.98,0,42.21,12
4.93,1.03,0,42.21,4
5.03,1.01,0,26.26,14
4.9,0.98,0,0.43,4
5.03,1.01,0,15.63,28
4.95,0.98,0,1.27,3
5.06,1.01,0,8.22,16
4.78,0.92,0,8.22,37
4.8,1.08,0,22.57,11
4.83,1.06,0,22.57,3
5.09,1.02,0,20.75,17
4.95,0.96,0,31.07,6
5.02,1,0,31.07,4
4.98,1.02,0,9.05,2
4.97,0.95,0,8.51,8
5.01,1.02,0,0.73,3
5,1.01,0,0.73,11
4.93,0.99,0,21.47,4
5.09,1,0,31.51,4
5.21,0.99,0,0.76,4
5.03,0.94,0,21.59,25
5.01,1.01,0,21.07,2
4.89,0.99,0,34.88,5
4.94,1.04,0,2.88,8
5.05,1,0,2.88,27
5.04,0.95,0,3.25,19
5.03,1,0,3.57,6
4.91,0.98,0,8.15,17
4.93,1.04,0,18.11,6
5.06,1.01,0,20.1,8
5.06,1.01,0,30.49,3
4.92,0.97,0,30.49,24
5.01,1.01,0,0,13
4.87,0.98,0,0.7,19
4.89,1.05,0,0.53,3
4.91,0.98,0,0.05,24
4.94,1.04,0,0.34,14
5.06,1.01,0,0.55,5
5.06,1,0,0.32,13
5.04,0.95,0,18.95,18
5.04,1.01,0,22.54,13
4.9,0.97,0,16.62,18
4.65,0.96,0,16.62,41
4.93,1.11,0,0.92,5
4.84,1,0,15.9,9
5.09,1.01,0,15.9,21
5.04,1,0,7.49,11
4.91,0.98,0,10.6,20
4.99,1.01,0,13.43,13
5.03,1.02,0,27.47,26
4.96,0.98,0,18.43,13
5.06,1,0,19.36,8
4.9,0.97,0,2.41,2
5,1.02,0,2.38,13
5.03,1.02,0,1.11,10
4.94,0.97,0,1.11,11
5.06,1.01,0,39.31,21
4.92,0.97,0,0.89,18
4.9,1.04,0,3.07,8
4.92,1.04,0,9.29,3
4.91,0.97,0,9.29,15
4.89,1.03,0,34.45,4
5.02,1.01,0,34.29,21
5.02,1.01,0,21.27,10
5.05,0.96,0,0.64,4
5.04,1.01,0,0,3
5.07,1.02,0,1.16,20
5.05,0.95,0,4.07,16
5.04,1.01,0,23.39,4
4.9,0.97,0,23.76,18
5.02,1.02,0,13.92,12
4.92,0.97,0,20.65,6
5.03,1.01,0,22.02,18
5.05,1.02,0,13.78,25
4.93,0.97,0,0,16
5.05,1.01,0,22.02,16
4.92,0.97,0,22.02,16
4.91,1.03,0,12.24,7
5.01,1.01,0,36.39,19
5,1.01,0,1.51,4
4.94,0.99,0,31.4,16
5.08,1.01,0,0.43,25
4.94,0.97,0,0.43,17
4.91,1.03,0,21.79,3
5.04,1.01,0,21.79,2
4.9,0.97,0,34.09,28
4.99,1.01,0,10.97,21
4.89,0.98,0,22.83,25
4.93,1.04,0,0.93,4
5.06,1.01,0,17.84,12
4.92,0.97,0,4.84,15
4.91,1.04,0,4.85,14
5.03,1.01,0,6.01,5
4.91,0.98,0,4.73,15
4.92,1.04,0,19.87,17
5.05,1.01,0,17.53,3
5.04,1.01,0,2.5,14
5.05,0.95,0,29.36,13
4.89,0.97,0,29.33,7
5.03,1.08,0,29.37,5
5.02,0.94,0,27.37,18
4.91,0.97,0,28.21,10
5.04,1.02,0,29.77,7
5.05,1.01,0,1.07,2
5.06,1.01,0,2.14,5
4.94,0.98,0,1.28,13
5.04,1,0,0.78,16
4.91,0.98,0,20.66,15
4.89,1.03,0,14.1,15
5.02,1.02,0,14.1,18
4.91,0.98,0,0,26
5.06,1.02,0,0.21,12
5.06,1.01,0,23.24,10
5.04,0.94,0,0.18,15
4.91,1.03,0,27.88,12
4.91,0.98,0,2.62,4
5.06,1.01,0,12.1,21
5.03,1.01,0,0.7,14
4.9,0.97,0,0.7,15
4.91,1.04,0,17.7,14
5.04,1.01,0,4.35,5
5.04,1.01,0,24.4,18
4.9,0.98,0,41.24,12
5.04,1.02,0,42.66,8
5.01,1,0,0.99,33
5.06,0.97,0,0.14,20
5.02,1,0,23.36,18
5,0.96,0,0.37,4
5.01,1.01,0,1.17,6
5.06,1.02,0,1.17,20
4.91,0.97,0,0,11
5.02,1,0,0,11
4.9,0.98,0,20.94,13
4.93,1.04,0,20.94,16
5.06,1.01,0,1.11,5
4.91,0.96,0,12.24,19
5.03,1.02,0,12.63,8
5.04,1.01,0,12.65,2
4.92,0.97,0,16.66,6
5.04,1.01,0,39.7,13
5.02,1.01,0,42.34,10
5.06,0.96,0,0.35,10
5.06,1.01,0,28.06,2
4.91,0.97,0,28.23,20
5.01,1.02,0,0.24,16
5.03,1.02,0,0,0
4.91,0.97,0,0.64,24
5.02,1.01,0,38.76,6
4.91,0.98,0,38.53,7
4.93,1.04,0,17.03,11
5.06,1,0,33.77,3
5.03,1.01,0,15.55,6
4.94,0.98,0,15.3,16
5.05,1,0,15.47,11
4.92,0.97,0,8.3,5
4.9,1.04,0,7.72,13
5.01,1.01,0,7.72,10
4.92,0.98,0,11.63,3
5.06,1.02,0,1.22,13
5.07,1.01,0,0.85,13
5.04,0.95,0,1.71,9
5.03,1.01,0,8.39,24
4.9,0.98,0,37.81,20
4.93,1.04,0,0.41,13
5.06,1.01,0,0.41,15
4.93,0.98,0,0,4
4.94,1.04,0,14.47,4
5.03,1.01,0,14.47,22
5,1.01,0,20.32,25
4.99,0.95,0,1.1,21
5.02,1.02,0,0.99,9
4.93,0.97,0,0.06,8
5.04,1,0,7.75,11
5.02,1.01,0,8.1,17
4.89,0.98,0,0.37,5
5.05,1.01,0,14.05,0
5.05,1.01,0,14.05,11
5.02,0.95,0,0.37,10
5,1.01,0,40.8,10
5,1.01,0,41.31,1
4.91,0.98,0,21,7
5.03,1.01,0,0.35,13
5.03,0.95,0,31.36,14
4.92,1.04,0,0.26,14
4.92,0.97,0,0.03,8
4.9,1.04,0,0.14,13
5.02,1.02,0,1.22,6
4.93,0.98,0,17.91,2
5.05,1.01,0,17.91,16
5.04,1.01,0,0,23
4.93,0.97,0,0.84,12
4.92,1.04,0,0.49,4
5.03,1.01,0,31.3,11
5.02,1.01,0,32.56,2
4.89,0.97,0,23.57,12
4.92,0.98,0,43.29,11
5.03,1,0,26.57,2
5.03,1.02,0,26.86,14
5.05,1.02,0,1.74,11
4.95,0.97,0,36.09,2
5.05,1.01,0,25.8,5
5.02,1.01,0,25.8,1
4.91,0.98,0,19.7,17
4.9,0.97,0,7.49,15
4.93,1.04,0,7.29,9
5.05,1.01,0,7.29,16
5.04,1.01,0,6.9,3
4.92,0.97,0,6.27,0
5.02,1.01,0,2.26,3
5.03,1.01,0,2.27,8
4.91,0.98,0,3.34,13
5.04,1.01,0,3.34,18
4.92,0.98,0,0.95,5
4.94,1.03,0,0.11,20
5.05,1.01,0,0.11,9
5.03,1.01,0,3.81,12
4.91,0.98,0,0,18
4.91,0.97,0,0,9
4.92,1.04,0,0.03,7
5.03,1.01,0,1.54,9
5.03,1.01,0,15.03,7
5.03,0.95,0,15.2,18
4.92,1.03,0,0.87,16
5.04,1.01,0,46.39,2
5.03,0.95,0,19.44,5
5.02,1.01,0,2.58,15
5.03,1.01,0,2.96,25
5.04,0.95,0,3.57,22
5.04,1.01,0,32.07,20
5.02,1.01,0,32.23,23
5.03,0.96,0,32.23,4
5.03,1.02,0,0.89,15
4.93,0.97,0,0.69,8
4.92,1.03,0,1.37,5
5.05,1.01,0,22,7
4.92,0.97,0,21.9,14
5.05,1.01,0,9.16,5
5.05,1.01,0,9.16,7
4.93,0.97,0,5.51,0
5.03,1,0,5.19,13
4.87,0.97,0,17.47,3
4.89,1.05,0,31.17,7
5.05,1.01,0,13.75,10
5.04,1.01,0,14.13,10
4.92,0.98,0,30.65,12
4.91,0.97,0,0.27,12
4.91,1.04,0,0.52,15
5.05,1.02,0,0.26,2
5.06,1,0,1.85,17
5.06,0.95,0,29.42,13
5.02,1.01,0,13,4
4.9,0.97,0,0.18,10
4.9,1.04,0,30.59,8
5.06,1.02,0,30.2,16
4.94,0.97,0,0.09,18
4.93,1.03,0,0.84,7
5.02,1.01,0,1.83,2
5.04,1.01,0,1.83,2
4.93,0.98,0,2.12,23
4.92,0.97,0,3.68,2
5.02,1.07,0,1.31,18
4.89,0.97,0,1.31,6
5.04,1.02,0,9.78,14
4.93,0.97,0,0.82,11
5.06,1.01,0,0.66,9
5.06,1.02,0,10.39,4
5.06,0.94,0,10.39,14
5.03,1.01,0,31.37,13
4.9,0.97,0,0.73,10
5.03,1.01,0,40.79,19
5.02,1.01,0,40.92,12
4.93,0.99,0,21.41,3
5.03,1,0,21.33,18
5.01,1.01,0,8.53,4
4.92,0.98,0,8.53,23
5.06,1.01,0,1.16,12
4.94,0.97,0,14.24,16
5.04,1.01,0,0.38,2
5.04,1.01,0,0.38,3
4.9,0.97,0,14.69,29
5.02,1.01,0,41.67,7
5.01,1.01,0,40.85,16
4.92,0.99,0,40.25,11
5.06,1.01,0,38.18,10
5.08,1.01,0,0.61,4
4.94,0.97,0,0.69,7
5.04,1,0,0.98,11
4.88,0.97,0,0.79,45
4.91,1.05,0,22.16,18
4.95,0.98,0,0.52,6
5.08,1.06,0,0.38,4
5.06,0.95,0,0.38,13
4.99,1,0,14.39,16
4.87,0.98,0,14.39,26
5.02,1.02,0,8.67,21
4.91,0.97,0,8.18,12
4.91,1.04,0,19.23,17
5.04,1.02,0,20.29,9
5.05,1.01,0,20.29,10
4.93,0.97,0,1.94,20
5.02,1.01,0,0.56,4
4.9,0.98,0,40.95,8
4.91,1.03,0,41.11,14
5.04,1.02,0,36.67,13
5.04,1.01,0,4.71,19
5.03,0.95,0,4.71,8
5.03,1.01,0,4.81,13
4.92,0.98,0,15.53,10
4.92,1.03,0,15.7,4
5.04,1.02,0,0.67,4
4.93,0.97,0,9.32,7
5.02,1.01,0,35.78,11
5.03,1.02,0,35.78,13
4.9,0.97,0,0,25
5.05,1.02,0,38.64,17
5.04,1.01,0,17.36,4
5.05,0.96,0,17.36,14
5.04,1.01,0,30.38,4
5.03,1.01,0,34.85,4
5.02,0.96,0,0.82,10
5.03,1.01,0,22.57,2
4.9,0.98,0,0.9,13
4.91,1.04,0,0,14
5.05,1.02,0,1.28,29
4.94,0.97,0,1.13,4
5.05,1.01,0,0.55,17
4.93,0.97,0,0.03,3
4.92,1.03,0,35.34,6
5.02,1.01,0,35.63,4
4.9,0.98,0,35.32,23
4.94,1.04,0,32.46,15
5.04,1,0,31.72,10
4.91,0.97,0,0.43,3
5.03,1.02,0,9.32,18
4.92,0.98,0,26.76,15
4.92,1.03,0,27.54,12
5.04,1.01,0,27.54,12
5.03,1.01,0,8.45,16
4.94,0.98,0,18.43,3
5.07,1.01,0,18.43,6
5.05,1,0,31.75,24
4.91,0.97,0,2.04,16
5.02,1.01,0,0.95,11
4.88,0.98,0,0.95,5
5.05,1.02,0,6.44,2
5.05,1.01,0,6.74,18
4.92,0.97,0,21.68,5
5.02,1.01,0,21.68,16
5.02,1.01,0,33.69,2
5.03,0.95,0,0.96,12
5.03,1.02,0,0.96,7
4.92,0.97,0,9.05,21
4.9,1.04,0,16.07,15
5.01,1.01,0,16.07,17
5.01,1.02,0,3.54,2
5.04,0.95,0,24.99,11
5.04,1.01,0,0.95,7
4.9,0.97,0,1.19,10
4.86,1.03,0,3.37,19
4.88,0.99,0,3.39,11
4.93,1.04,0,0.66,11
5.03,1.01,0,43.78,11
5.01,1.01,0,18.25,3
4.9,0.98,0,18.77,15
5.06,1.01,0,42.98,5
4.93,0.97,0,42.98,6
5.05,1.02,0,30.55,3
5.04,1.01,0,29.37,12
4.94,0.98,0,29.27,1
5.05,1.01,0,28.53,8
4.95,0.98,0,29.77,43
4.92,1.03,0,30.23,5
5.04,1.01,0,1.74,20
4.91,0.97,0,0.64,1
4.89,1.03,0,15.93,9
5.05,1.03,0,15.96,5
4.89,0.96,0,3.74,15
4.88,1.03,0,0.29,7
5.05,1.03,0,5.46,18
4.96,0.97,0,19.84,6
5.06,1,0,5.97,3
5.03,1.01,0,36.03,1
4.91,0.97,0,0,10
5.04,1.01,0,0.21,3
5.04,1.01,0,0.7,12
4.91,0.98,0,25.6,18
5.04,1.01,0,40.62,10
4.94,0.98,0,40.15,14
5.05,1.01,0,7.1,11
5.05,1.01,0,6.87,11
5.03,1.01,0,0.84,13
4.89,0.97,0,0.7,11
4.99,1.01,0,11.75,6
4.9,0.99,0,11.75,14
4.93,1.04,0,1.11,11
5.06,1.01,0,0.5,24
4.93,0.97,0,0.35,7
4.92,1.04,0,27.25,1
5.03,1.01,0,33.39,18
5.03,0.95,0,24.28,3
5.02,1.01,0,24.28,11
4.88,0.97,0,1.04,27
4.88,1.05,0,0,5
5.05,1.01,0,0,15
5.07,0.95,0,36.32,20
4.91,1.03,0,0.5,1
5.02,1.01,0,0.75,17
4.91,0.98,0,12.47,5
5.04,1.01,0,41.89,8
5.04,1.01,0,42.34,14
4.9,0.97,0,31.04,9
5.02,1.01,0,11.17,7
5.03,0.96,0,21.88,5
4.93,1.03,0,21.88,29
4.92,0.97,0,5.07,17
5.12,1.04,0,0.35,25
4.91,0.99,0,1.28,3
5.01,1.01,0,33.65,11
4.91,0.98,0,0.76,8
5.03,1.01,0,0.96,1
4.93,0.98,0,37.34,2
4.91,1.03,0,35.81,16
4.92,0.98,0,36.59,8
4.91,1.03,0,0,4
4.9,1.04,0,0,12
5.01,1.01,0,1.21,13
4.9,0.98,0,12.31,3
5.04,1.01,0,12.31,3
5.06,1.02,0,9.08,8
5.06,0.95,0,8.06,1
5.06,1.01,0,2.41,14
5.05,1.01,0,2.41,1
4.91,0.97,0,2.04,7
4.99,1.01,0,35.66,6
4.89,0.98,0,0.18,3
4.92,1.04,0,0,27
4.96,0.97,0,0,0
4.94,1.03,0,38.96,3
4.92,1.04,0,38.38,27
5.04,1.01,0,37.77,4
4.92,0.97,0,0,23
5.03,1.01,0,13.7,13
5.04,1.01,0,5.89,23
4.92,0.98,0,2.04,14
5.04,1.01,0,2.04,7
4.95,0.98,0,0.32,9
5.06,1.01,0,1.77,7
5.04,1,0,5.1,4
4.91,0.98,0,1.43,9
4.92,1.04,0,1.5,10
4.94,0.97,0,1.21,17
4.9,1.03,0,3.72,20
5.04,1.02,0,8.58,19
4.92,0.97,0,7.87,19
5.06,1.01,0,8.24,10
5.05,1.01,0,4.26,19
4.92,0.97,0,0.31,8
5.02,1.01,0,8.77,7
5.01,1.01,0,9.67,3
5.01,1.02,0,28.4,6
5.03,0.95,0,3.94,6
5.04,1.01,0,3.31,26
5.04,0.95,0,3.78,18
4.92,1.03,0,0.31,8
5.03,0.95,0,3.22,11
4.92,1.04,0,3.85,8
5.02,1.01,0,0.38,8
4.92,0.97,0,1.56,8
5.03,1.01,0,0.72,12
5.03,1.01,0,0.47,3
4.9,0.97,0,0.75,2
4.89,1.04,0,30.38,30
5.04,1.02,0,0.87,5
4.95,0.97,0,19.2,2
4.93,1.03,0,17.53,21
5.04,1.01,0,17.59,10
4.92,0.98,0,0,21
4.92,1.03,0,2.3,7
5.01,1.01,0,7.92,4
4.91,0.98,0,34.64,3
5.03,1,0,0.02,12
5.04,1.02,0,0.99,6
5.04,0.95,0,34.68,3
5.05,1.01,0,33.22,0
4.92,0.98,0,19.24,6
4.9,1.03,0,36.21,7
5.02,1.02,0,0.21,17
4.9,0.97,0,1.28,22
5.03,1.01,0,0,12
5.05,1.01,0,0.96,5
4.94,0.98,0,3.37,4
5.07,1.01,0,3.78,4
4.92,0.96,0,15.49,15
4.89,1.04,0,15.41,6
5,1.01,0,9.96,7
5.04,1.02,0,10.65,8
4.92,0.98,0,0,4
5.05,1.01,0,0.58,9
5.03,1.01,0,1.07,14
4.94,0.98,0,0.56,17
5.05,1.01,0,2.35,8
4.92,0.97,0,0,0
5.04,1.01,0,0,27
5.04,1.01,0,1.4,11
4.91,0.98,0,1.11,0
5.04,1,0,21.64,7
4.94,0.99,0,21.64,9
4.93,1.03,0,36.51,13
5.05,1.01,0,1.79,19
4.9,0.97,0,0.79,7
4.91,1.04,0,28.06,2
5.03,1.01,0,0.79,3
4.91,0.97,0,13.66,16
4.9,1.04,0,13.7,22
5.03,1.02,0,7.14,11
5.04,1.01,0,7.16,11
4.92,0.98,0,34.26,14
5.03,1.01,0,27.36,5
4.91,0.97,0,27.44,3
4.91,1.03,0,27.44,14
5.05,1.02,0,10.82,22
4.9,0.97,0,27.1,8
5.04,1.01,0,27.1,8
4.92,0.98,0,21.3,1
5.06,1.01,0,14.47,17
5.04,1,0,14.28,9
4.92,0.97,0,1.14,14
5.03,1.02,0,7.02,4
5.06,1.02,0,27.77,5
5.1,0.96,0,0.31,69
5.05,0.99,0,19.96,17
4.92,0.97,0,19.85,29
4.89,1.03,0,0.73,10
5.01,1.02,0,5.75,4
5.04,1.01,0,26.93,3
5.05,0.95,0,18.91,3
5.03,1.01,0,1.05,9
4.89,0.97,0,30.53,18
5.02,1.02,0,1.68,8
5.04,1.01,0,20.1,12
4.93,0.98,0,20.1,10
4.92,1.03,0,10.77,11
5.04,1.02,0,10.97,11
4.92,0.97,0,11.73,7
4.93,1.04,0,0.98,22
5.04,1.01,0,0,5
4.91,0.97,0,1.33,12
5.03,1.01,0,1.07,8
4.91,0.98,0,0.66,24
4.91,1.04,0,0.49,11
5.05,1.01,0,2.18,3
5.05,1.01,0,0.53,6
4.94,0.98,0,0.53,3
5.05,1,0,15.9,11
4.9,0.97,0,19.23,9
5.07,1.04,0,13.61,86
4.91,0.95,0,0.24,11
5.01,1,0,13.26,18
4.97,1.03,0,12.8,9
5.03,1.01,0,0.96,27
4.94,0.98,0,32.23,14
5.06,1.01,0,42.25,12
5.04,1,0,42.25,20
4.9,0.98,0,0.72,16
5.02,1.02,0,27.02,7
4.92,0.98,0,14.07,5
5.07,1.02,0,32.99,6
4.94,0.96,0,32.59,6
4.92,1.03,0,23.76,13
4.9,0.97,0,0.43,6
5.05,1.02,0,0.08,6
4.96,0.97,0,0,8
5.04,1,0,3.33,15
5.03,1.01,0,3.54,8
4.91,0.98,0,25.91,13
5.05,1.01,0,10.99,5
4.93,0.97,0,10.99,12
5.03,1.01,0,39.83,10
5.03,1.01,0,0.9,27
4.91,0.98,0,0.85,5
5.05,1.01,0,10.31,30
5.05,1.01,0,10.31,18
4.93,0.97,0,16.65,7
5.04,1.01,0,0,20
4.92,0.97,0,32.81,4
5.02,1.01,0,32.56,10
5.02,1.01,0,10.48,14
4.9,0.98,0,10.48,16
4.9,1.03,0,6.04,15
5.04,1.02,0,0,9
4.93,0.97,0,39.31,6
5.04,1,0,0.06,10
5.02,1.01,0,0.12,5
4.9,0.97,0,0.12,26
5.05,1.02,0,11.26,10
5.18,0.99,0,29.6,17
4.92,0.97,0,10.47,8
5.04,1.01,0,40.47,14
5.02,1,0,43.12,2
4.89,0.98,0,43.41,7
5.02,1.01,0,1.07,3
4.91,0.98,0,10.44,2
4.91,1.04,0,15.95,3
5.04,1.01,0,16.11,17
4.89,0.97,0,19.56,3
5.02,1.01,0,6.85,4
5.05,1.02,0,1.19,8
4.93,0.97,0,0,4
5.02,1,0,0.55,8
5.13,0.99,0,1.39,6
4.9,0.98,0,0,5
5.05,1.02,0,0.41,16
5.06,1.01,0,35.48,23
4.93,0.97,0,23.1,11
4.92,0.97,0,22.51,22
5.04,1.07,0,22.11,5
4.95,0.98,0,22.58,17
5.05,1,0,31.89,3
4.9,0.97,0,34.85,4
5.02,1.02,0,34.85,17
5.03,1.01,0,20.72,10
4.9,0.98,0,0.21,9
5.03,1.01,0,0.95,18
4.92,0.97,0,12.1,22
4.92,1.04,0,37.7,10
5.04,1.01,0,37.67,13
4.9,0.97,0,0.26,20
4.88,1.04,0,1.68,2
5.03,1.02,0,1.68,8
4.94,0.97,0,0.29,2
4.92,1.03,0,10.12,4
4.92,0.97,0,10.74,3
4.9,1.03,0,1.3,12
5.01,1.01,0,0,5
4.91,0.98,0,32.88,18
5.03,1.01,0,33.39,7
5.02,1.01,0,18.17,8
5.01,1.01,0,18.17,5
4.91,0.98,0,3.49,10
5.05,1.01,0,3.48,4
5.03,1,0,0.49,9
4.9,0.98,0,0.44,12
5.03,1.01,0,16.39,17
4.93,0.97,0,0.41,2
5.05,1.01,0,0.66,1
5.01,1.01,0,13.6,8
4.88,0.98,0,8.54,20
5.03,1.02,0,2.99,4
4.93,0.97,0,0.81,2
4.95,1.04,0,0.52,2
5.06,1.01,0,2.62,1
5.07,1.02,0,35.26,13
4.92,0.96,0,35.46,15
5.02,1.01,0,31.62,9
5,1.01,0,25.83,20
4.9,0.98,0,0.34,11
5.04,1.01,0,0.03,4
4.94,0.97,0,9.16,11
5.04,1,0,32.03,13
5.03,1.02,0,31.88,6
4.92,0.97,0,8.35,4
5.04,1.01,0,9.87,16
4.92,0.97,0,0.17,14
4.94,1.04,0,5.66,3
5.04,1.01,0,11.84,20
4.93,0.98,0,12.18,18
4.94,1.04,0,36.87,11
5.04,1,0,8.74,18
4.9,0.97,0,10.39,14
5.01,1.01,0,3.65,10
5,1.01,0,0,10
5.01,0.96,0,0.15,21
5.03,1.01,0,0.6,2
5.06,1.02,0,0.6,16
5.03,0.95,0,0,1
5.03,1.02,0,17.88,2
4.92,0.97,0,24.15,4
4.92,1.03,0,0.72,4
5.02,1.01,0,0,9
4.9,0.98,0,3.57,7
4.92,1.03,0,2.85,19
5.05,1.01,0,2.85,13
4.92,0.97,0,4.07,5
4.92,1.04,0,10.67,9
5.04,1.01,0,10.67,17
4.92,0.98,0,0.41,20
5.04,1.01,0,4.07,2
4.9,0.97,0,0.43,15
4.91,1.04,0,0.43,5
5.03,1.01,0,10.88,4
4.92,0.98,0,10.88,2
4.91,1.04,0,13.79,13
5.03,1.01,0,16.86,2
4.92,0.98,0,17.43,6
5.06,1.01,0,32.47,20
5.05,1.01,0,27.04,12
4.91,0.97,0,10.96,12
5,1.01,0,14.72,13
4.91,0.98,0,7.71,20
5.04,1.01,0,11.06,16
5.04,1.01,0,11.06,13
4.91,0.98,0,3.42,7
5.02,1.01,0,40.65,0
5.04,1.01,0,40.48,9
4.93,0.97,0,29.33,15
4.92,1.04,0,0,12
5.03,1.01,0,0.2,4
4.9,0.98,0,0.66,14
4.9,1.04,0,0.6,22
5.04,1.02,0,0.29,8
5.03,0.95,0,0,3
5.02,1,0,26.15,18
5.01,1.01,0,26.14,3
5.03,0.96,0,26.14,15
5.05,1.01,0,0.34,11
5.02,1,0,6.76,12
4.89,0.98,0,7.26,3
5.03,1.02,0,7.26,8
4.93,0.98,0,34.62,6
5.05,1.01,0,34.53,6
5.04,1.01,0,18.71,10
4.92,0.97,0,10.48,19
5.06,1.02,0,7.92,0
5.06,1.01,0,30.4,5
4.93,0.97,0,30.4,7
5.03,1.01,0,37.52,24
4.89,0.97,0,0,1
4.9,1.04,0,0.32,19
5.08,1.02,0,36.85,18
5.09,0.95,0,15.41,9
4.92,1.02,0,14.66,8
4.98,1,0,15.46,2
4.87,0.99,0,14.68,1
5.02,1.02,0,0.95,7
5.03,1.01,0,26.41,2
5.04,0.95,0,26.41,17
5.07,1.02,0,27.85,28
5,0.98,0,1.36,16
4.86,0.98,0,0.15,23
5.02,1.03,0,0.4,10
4.96,0.97,0,41.79,9
5.07,1.01,0,15.38,7
5.03,1,0,15.96,2
4.89,0.98,0,1.25,10
5.02,1.01,0,0.31,16
4.92,0.98,0,12.41,14
4.92,1.03,0,12.24,13
4.91,0.98,0,11.92,2
4.93,1.04,0,12.13,11
4.91,1.03,0,0.95,7
5.03,1.01,0,9.08,15
4.95,0.98,0,18.84,19
4.93,1.02,0,0,8
4.91,0.97,0,24.48,15
4.9,1.04,0,12.04,11
5.06,1.01,0,12.42,9
4.97,0.98,0,0.35,14
4.96,1.02,0,9.77,5
5.04,1.01,0,2.69,8
4.9,0.97,0,0.89,10
4.91,1.05,0,0.89,4
5.06,1.02,0,3.92,14
4.97,0.97,0,4.36,15
4.93,1.03,0,37.77,1
5.03,1.01,0,37.4,13
4.9,0.97,0,0.29,2
4.89,1.04,0,0.29,13
4.89,0.98,0,0.43,8
4.92,1.03,0,0.89,16
5.05,1.01,0,1.07,6
4.93,0.97,0,13.26,9
5.04,1.01,0,37.54,24
5.04,1.01,0,37.54,15
4.93,0.98,0,1.85,25
4.93,1.03,0,23.79,9
4.9,0.97,0,0.35,9
4.88,1.04,0,5.28,5
4.89,1.04,0,25.89,7
5.03,1.02,0,27.8,2
4.93,0.97,0,30.55,12
4.9,1.02,0,30.55,29
5.02,1.02,0,1.28,8
4.92,0.98,0,4.79,5
5.07,1.01,0,28.26,2
5.04,1.01,0,28.96,3
4.91,0.97,0,28.96,21
5.01,1.01,0,0.95,9
4.92,0.98,0,1.16,2
5.07,1.01,0,1.01,7
5.04,1,0,0.31,13
4.89,0.98,0,5.37,7
5.02,1.01,0,5.37,14
5.02,1.01,0,0.75,21
4.92,0.98,0,24.72,18
5.04,1,0,31.63,7
4.92,0.98,0,31.42,15
4.92,1.04,0,2.5,14
5.05,1.02,0,7.86,4
4.94,0.97,0,9.25,13
4.91,1.02,0,17.26,10
5.01,1.02,0,30.5,12
5.02,1.01,0,0.56,10
5.03,0.95,0,4.76,24
5.04,1.02,0,0,14
4.93,0.97,0,0,16
5.02,1,0,0.69,11
4.91,0.99,0,20.71,11
4.93,1.04,0,0,12
4.94,1.03,0,19.03,4
4.9,0.97,0,3.28,7
5,1.01,0,3.39,17
5.02,1.02,0,0.75,1
5.05,1.01,0,42.4,13
4.93,0.97,0,0.23,8
5.05,1.01,0,43.33,19
4.9,0.97,0,0.96,9
5.03,1.01,0,0.29,14
5.02,1.02,0,0.21,9
4.92,0.97,0,0.49,4
5.04,1.01,0,9.17,1
4.91,0.97,0,33.1,1
4.91,1.04,0,15.79,12
5.03,1.01,0,15.79,19
5.04,1.02,0,5.97,16
4.92,0.97,0,1.89,22
5.01,1.01,0,2.08,27
4.9,0.98,0,9.66,29
5.03,1.01,0,9.66,19
5.04,1.02,0,25.39,19
4.94,0.98,0,3.69,8
4.94,1.03,0,39.05,13
5.06,1.01,0,0.4,5
4.92,0.97,0,0.4,17
5.04,1.01,0,0,12
4.91,0.97,0,0,0
4.93,1.04,0,3.07,5
4.93,0.97,0,41.75,19
4.94,1.04,0,2.11,7
5.03,1,0,39.6,8
4.79,0.94,0,20.9,1
4.93,1.11,0,1.4,9
5.08,0.95,0,1.54,12
5.06,1,0,27.62,21
4.91,0.97,0,27.62,10
5.03,1.02,0,13.98,14
4.93,0.97,0,0.76,7
5.04,1.01,0,0,14
4.92,0.98,0,2.91,7
4.82,1.01,0,32.53,12
5.09,1.01,0,32.14,11
5.08,1.01,0,0.87,2
4.93,0.97,0,20.11,10
5.02,1.01,0,2.01,5
5.02,1.01,0,2.26,21
5.05,0.96,0,2.26,26
5.05,1.01,0,3.81,11
4.93,0.97,0,26.55,10
4.93,1.04,0,25.41,9
5.04,1.01,0,25.63,9
5.03,1.01,0,0.6,22
5,0.95,0,1.08,13
5.01,1.02,0,1.31,11
5.03,1.02,0,20.58,14
4.93,0.98,0,20.94,17
5.04,1.01,0,3.56,15
5.05,1.01,0,34.55,19
5.06,0.95,0,0,7
5.04,1.01,0,0.2,8
4.9,0.97,0,33.1,17
5.02,1.02,0,0.69,0
5.04,1.01,0,40.77,16
4.93,0.97,0,1.11,8
5.03,1.01,0,1.16,8
4.92,0.98,0,7.11,6
5.04,1.01,0,0.75,7
5.03,1.01,0,14.85,0
4.92,0.98,0,0.29,8
5.04,1.01,0,0.29,12
4.92,0.97,0,1.91,18
5.04,1.01,0,0.75,25
5.05,1.01,0,0.75,5
4.91,0.97,0,0.96,16
4.82,1.01,0,21.48,14
4.95,1.04,0,4.64,4
5.22,0.99,0,0.78,9
4.96,0.97,0,0.24,28
5.03,1,0,0.61,8
4.9,0.97,0,11.05,13
5.04,1.02,0,0.92,25
5.04,1.01,0,1.39,5
4.94,0.98,0,36.65,13
5.04,1,0,36.62,9
4.92,0.97,0,0.61,16
4.82,1.01,0,23.13,5
4.98,1.04,0,8.21,18
5.11,1,0,8.99,24
5.06,0.94,0,5.51,9
5.02,1,0,0.78,10
4.88,0.98,0,8.33,6
5.01,1.02,0,12.42,23
5.05,1.02,0,11.9,13
4.96,0.98,0,12.1,9
5.05,1.01,0,25.15,15
4.9,0.97,0,3.23,6
4.9,1.04,0,2.43,14
5.03,1.01,0,0.14,13
4.92,0.98,0,0.14,2
4.91,1.03,0,0.95,9
5.04,1.02,0,4.75,8
4.92,0.97,0,4.93,2
4.9,1.03,0,10.22,13
4.89,0.98,0,38.06,13
4.92,1.04,0,0.61,3
5.06,1.01,0,0.05,0
5.05,1,0,25.86,8
5.03,0.95,0,0.14,9
5.21,1.06,0,0.14,57
4.96,0.89,0,0.14,3
4.88,1.01,0,20.87,26
4.93,1.04,0,20.87,16
4.91,0.98,0,0.26,21
5.06,1.01,0,5.84,7
5.05,1.01,0,10.33,6
4.91,0.97,0,30.5,14
4.93,1.04,0,30.69,24
4.95,0.98,0,23.01,11
5.03,1,0,35.49,10
5.03,1.01,0,19.93,0
4.91,0.98,0,20.08,2
4.91,1.04,0,20.74,8
5.05,1.01,0,4.52,8
5.03,1.01,0,4.52,23
5.03,0.95,0,10.27,11
5.04,1.01,0,10.3,10
4.92,0.97,0,10.8,19
5.04,1.02,0,8.58,12
4.91,0.98,0,4.68,24
4.94,1.04,0,11.12,6
4.93,1.03,0,12.08,1
5.04,1.01,0,14.47,4
5.04,0.95,0,13.12,8
5.03,1.01,0,0.72,0
4.9,0.97,0,0.72,8
4.92,1.04,0,3.88,14
5.04,1.01,0,2.5,4
4.92,0.98,0,0.64,27
4.94,1.03,0,0.98,15
4.97,0.98,0,41.67,7
4.92,1.02,0,36.3,13
4.53,0.91,0,2.08,6
4.18,0.94,0,3.83,9
4.37,1.11,0,37.83,6
4.49,0.88,0,37.35,44
4.13,0.89,0,37.35,32
3.69,1.09,0,0.78,5
4.01,1.05,0,1.28,41
4.02,0.98,0,2.14,34
3.91,1.02,0,25.5,30
4.4,1.11,0,27.02,7
4.52,0.95,0,27.02,26
4.39,0.96,0,20.54,21
4.16,0.97,0,41.76,589
3.15,0.64,0,17.11,4
3.5,1.47,0,17.3,8
4.79,1.1,0,43.09,7
5.22,1,0,21.41,13
5.16,0.95,0,21.41,23
5.06,0.97,0,8.27,1
4.81,0.98,0,8.27,7
5,1.03,0,31.01,3
5.02,1.01,0,30.88,9
5.16,0.92,0,0.35,6
4.91,0.99,0,5.84,12
5.06,1.07,0,4.76,12
4.91,0.97,0,4.76,22
5.05,1.02,0,38.44,15
4.93,0.97,0,26.86,67
4.9,1.03,0,20.11,5
5.01,1.01,0,42.68,11
4.92,0.97,0,0,10
4.93,1.04,0,0,251
4.92,0.97,0,28.72,2
4.89,1.03,0,7.45,9
5.04,1.02,0,7.45,10
5.05,1.01,0,12.33,6
4.91,0.97,0,11.9,21
5.04,1.02,0,0.15,31
4.96,0.98,0,27.24,33
5.05,1.01,0,16.74,11
5.03,1,0,0.23,0
4.89,0.98,0,0.23,9
4.95,1.04,0,26.02,14
5.02,0.99,0,26.02,25
4.91,0.98,0,22.96,13
5.03,1.01,0,9.11,7
5.03,1,0,35.66,17
4.88,0.96,0,17.24,20
3.79,0.59,0,19.67,6
3.78,1.29,0,30.35,18
3.62,1.15,0,30.35,17
4.23,0.86,0,35.66,27
3.18,0.8,0,1.04,29
1.98,0.54,0,3.25,49
1.56,0.89,0,10.62,114
1.36,1.05,0,8.85,96
1.27,1.04,0,4.65,65
1.79,1.22,0,41.28,288
2.57,1.37,0,41.28,58
2.58,0.83,0,33.94,184
2.01,0.68,0,0.67,155
1.73,1.13,0,4.94,261
2.05,1.27,0,18.17,114
1.74,0.46,0,17.58,507
1.38,0.92,0,3.56,82
1.88,1.64,0,0.87,25
2.82,1.09,0,12.44,22
2.74,0.91,0,0.49,89
2.8,0.95,0,20.36,19
2.38,0.95,0,20.32,115
2.2,0.7,0,22.08,150
1.9,1.15,0,22.08,53
2.32,1.35,0,0.82,237
2.86,1.07,0,2.44,43
3.52,1.23,0,37.17,23
4.26,1.08,0,37.17,89
4.43,0.96,0,4.04,50
4.08,0.91,0,4.71,46
3.93,1.08,0,53.41,18
3.75,0.99,0,4.68,19
4.16,0.98,0,2.62,44
3.76,0.91,0,12.71,27
3.97,1.1,0,39.17,34
4.44,1.11,0,33.05,10
4.86,0.98,0,26.11,39
4.23,0.91,0,3.37,18
4.12,1.12,0,10.06,26
4.42,0.91,0,15.84,16
3.99,0.92,0,14.77,22
3.38,0.71,0,1.72,64
2.85,0.89,0,3.04,42
2.84,1.19,0,48.72,10
3.46,1.12,0,11.2,22
3.3,0.85,0,30.3,18
3.88,1.17,0,30.3,17
5.19,1.32,0,30.62,36
6.25,0.92,0,1.31,88
4.85,0.44,0,41.29,756
2.04,0.78,0,33.16,20
2.49,1.47,0,33.16,50
3.28,1.09,0,20.95,31
3.88,1.11,0,20.95,16
4.15,0.99,0,5.81,57
4.01,1.01,0,5.81,75
3.89,0.98,0,17.15,42
3.69,0.93,0,11.73,204
3.44,0.9,0,13.67,14
3,1.04,0,13.67,30
3.56,1.21,0,22.77,13
4.2,1.09,0,22.77,18
4.76,0.98,0,1.94,2
4.51,0.91,0,5.17,28
4.33,1.05,0,42.18,10
4.52,1.15,0,44.33,9
4.86,0.99,0,1.56,8
5.12,1.01,0,1.16,4
5.02,0.98,0,39.98,0
4.84,0.98,0,26.32,0
4.71,0.94,0,19.59,23
3.94,0.76,0,0.78,20
3.37,1.06,0,0.78,8
3.74,1.13,0,4.88,30
3.31,0.66,0,4.88,1201
2,0.29,0,27.07,236
1.16,1.68,0,0.47,72
2.27,1.42,0,9.57,52
3.48,1.23,0,41.76,162
4.53,1.05,0,44.65,111
4.45,1.04,0,52.83,179
4.97,1.01,0,50.35,168
5.05,0.98,0,4.33,18
5.05,1.02,0,35.6,127
5.22,1.13,0,35.6,62
5.29,0.89,0,3.1,78
4.94,0.93,0,31.69,15
4.43,0.94,0,38.19,4
4.86,1.17,0,45.18,80
5.05,0.95,0,3.52,24
4.95,1,0,10.21,10
4.65,0.9,0,10.21,26
4.72,1.07,0,8.58,85
4.85,1.02,0,10.85,12
5.03,1.03,0,10.85,203
4.95,0.92,0,9.96,101
4.87,1.08,0,0,15
4.94,0.93,0,2,112
4.72,1.02,0,2,98
4.5,0.96,0,7.13,21
4.56,1,0,15.63,21
4.68,1.08,0,34.58,222
